,0,1,2,3,4,5,6,7,8,9,10,11,12,13,14,15,16,17,18,19,20,21,22,23,24,25,26,27,28,29,30,31,32,33,34,35,36,37,38,39,40,41,42,43,44,45,46,47,48,49
0,9.724915008021506e-05,9.644309652325607e-05,9.4771159903717e-05,9.226619751339658e-05,8.782686387476734e-05,8.15312440690185e-05,7.412948770992215e-05,6.68727481375986e-05,6.004469216699012e-05,5.4219622892153036e-05,4.8928702430017956e-05,4.409455633412698e-05,3.9627389945281555e-05,3.5453487156611106e-05,3.153742232098887e-05,2.7873050428970135e-05,2.443540661836924e-05,2.1199943936381744e-05,1.8174882427577016e-05,1.5346557523597193e-05,1.2715688248323865e-05,1.0370188057445866e-05,8.279074261454208e-06,6.494192609145289e-06,5.0343748497131545e-06,3.906459949967275e-06,3.0648857963023097e-06,2.459209277181695e-06,2.0222382035034273e-06,1.700281239894692e-06,1.4605620378181877e-06,1.2756173017029248e-06,1.1290597991544167e-06,1.0118187793751893e-06,9.161781310801865e-07,8.362264302007095e-07,7.685638441409465e-07,7.1098071554649e-07,6.612604984758361e-07,6.17922625756834e-07,5.798305361092241e-07,5.466103943146091e-07,5.158875301320489e-07,4.889292893219101e-07,4.646201537447985e-07,4.4259134865642424e-07,4.2253895537322865e-07,4.042103557375263e-07,3.873939306258602e-07,3.719111180556323e-07
1,9.847055032910535e-05,9.812532970238626e-05,9.709979684962306e-05,9.513168898170621e-05,9.228772856020547e-05,8.73746728805667e-05,8.062797958388876e-05,7.313221348331882e-05,6.599212141202301e-05,5.9291714757769686e-05,5.3571190492733416e-05,4.837220474349565e-05,4.3606721974764046e-05,3.919042615397708e-05,3.505954757951598e-05,3.119025856406181e-05,2.7571016852332962e-05,2.416229040965286e-05,2.0965902205257097e-05,1.7978659651029736e-05,1.5188157950637905e-05,1.2595479703769648e-05,1.028364815292376e-05,8.230545487225233e-06,6.475410285700975e-06,5.043729779617895e-06,3.925955102162751e-06,3.0917497062725486e-06,2.4880821175566677e-06,2.050374999557232e-06,1.7265754518713942e-06,1.4847223298595258e-06,1.2977084745755001e-06,1.149278963399393e-06,1.0303739371169387e-06,9.332751286538323e-07,8.520461629978795e-07,7.832594948270704e-07,7.246920496738906e-07,6.741017907055711e-07,6.299910946278243e-07,5.912091302810212e-07,5.568613768229724e-07,5.260860533286105e-07,4.986233178234926e-07,4.73855684799951e-07,4.514085725181919e-07,4.3097315582983194e-07,4.1229265127883735e-07,3.9515188689019155e-07
2,9.943017880861909e-05,9.947206612782755e-05,9.893676614425737e-05,9.766923074577168e-05,9.536747622949141e-05,9.202595999291909e-05,8.669658002266305e-05,7.963089554044052e-05,7.209431505010989e-05,6.475322677432377e-05,5.8543212500093224e-05,5.292517171313185e-05,4.7807766816382145e-05,4.311197964188029e-05,3.874687018230264e-05,3.464731240572915e-05,3.083708005745574e-05,2.7258433859408417e-05,2.3888588474910876e-05,2.0730966456052763e-05,1.7781206130646973e-05,1.5029044275267061e-05,1.2479083981105345e-05,1.020148483736998e-05,8.182054862032706e-06,6.455423876986333e-06,5.047447723950237e-06,3.944498374114053e-06,3.117743564526569e-06,2.5162658384041596e-06,2.078003052697131e-06,1.7525022660456599e-06,1.5086085333345329e-06,1.3196045639512823e-06,1.1693521544400784e-06,1.048817732046193e-06,9.502855256422934e-07,8.677973820318808e-07,7.979000997089661e-07,7.383584952990378e-07,6.869059998202844e-07,6.420285699450344e-07,6.025615485521722e-07,5.676633474359123e-07,5.36923702466661e-07,5.083007125272238e-07,4.830766943418691e-07,4.6021303853222476e-07,4.3939607908409517e-07,4.2036492370715097e-07
3,0.00010018604261873797,0.00010051994939192939,0.00010040769141329522,9.967156652075438e-05,9.814184899331666e-05,9.549290123195035e-05,9.19284768425656e-05,8.583285867536703e-05,7.859257903728392e-05,7.108759343949112e-05,6.383072238791144e-05,5.7796593570215406e-05,5.2275919244704895e-05,4.723784452086435e-05,4.2606590361859765e-05,3.829801991820012e-05,3.425835810171656e-05,3.0481650608478593e-05,2.6942644881359556e-05,2.3585611644972855e-05,2.0494023495757376e-05,1.757024275129023e-05,1.4871885723956732e-05,1.235731850444543e-05,1.011898697303458e-05,8.13695688866516e-06,6.435731731176541e-06,5.050403274026846e-06,3.962143632121157e-06,3.14290148936042e-06,2.5437786694380542e-06,2.1051307486463417e-06,1.7780649347423336e-06,1.5322298372022114e-06,1.3413053785825196e-06,1.189278782165878e-06,1.0671494527170436e-06,9.672086222025287e-07,8.834957848595948e-07,8.124850821010463e-07,7.519795434254549e-07,6.996726835446004e-07,6.540346690542674e-07,6.138874568727973e-07,5.783805034923427e-07,5.47093669072972e-07,5.179612509042767e-07,4.922829889009414e-07,4.69004572139847e-07,4.4780757113165387e-07
4,0.00010083135536106281,0.00010135491460102159,0.00010157288922948986,0.00010127518107474187,0.00010032896509194892,9.851922669643914e-05,9.547880829963946e-05,9.147361182471284e-05,8.509623415253185e-05,7.746335078084763e-05,7.005724569788284e-05,6.296643896624319e-05,5.70550120414723e-05,5.162151889460992e-05,4.666421411584426e-05,4.2104176401617735e-05,3.782660799084924e-05,3.382711160467793e-05,3.012040879392547e-05,2.658932039020144e-05,2.3286483311414968e-05,2.025627445457576e-05,1.7372175289189128e-05,1.4713867723837393e-05,1.2234280374775305e-05,1.0025970669744738e-05,8.087428792760783e-06,6.4156622953549775e-06,5.052663681025043e-06,3.978960971259861e-06,3.1672562545340882e-06,2.5706385469942878e-06,2.1317665704326095e-06,1.8031939210096539e-06,1.5555872679638924e-06,1.3628108434059244e-06,1.2090583322508692e-06,1.0853684446442252e-06,9.84043752242106e-07,8.991077650033454e-07,8.270138813641887e-07,7.655547040074988e-07,7.124014125009985e-07,6.660090149482597e-07,6.251865259172334e-07,5.890747620334104e-07,5.567272440277144e-07,5.276047127051107e-07,5.014743719664157e-07,4.777830014582735e-07
5,0.00010132595948455772,0.00010204706489894621,0.00010247099030105806,0.00010255304006345523,0.00010207252585945066,0.00010089399020851677,9.87742393748123e-05,9.584562370335616e-05,9.076066576653011e-05,8.395042349249413e-05,7.637463867304178e-05,6.902863763255425e-05,6.215937091431825e-05,5.629815533535187e-05,5.096907543190486e-05,4.610187798151084e-05,4.1594472205910125e-05,3.737102147191445e-05,3.343876645454546e-05,2.9715805959952974e-05,2.6270532571238128e-05,2.3009917634065264e-05,2.0018277510986664e-05,1.7172465434208536e-05,1.4555200699199451e-05,1.2116536658232156e-05,9.948860074276073e-06,8.038063840188202e-06,6.395298318533307e-06,5.054290771029958e-06,3.994948594446578e-06,3.190839353203908e-06,2.5968630929645546e-06,2.157919061890294e-06,1.8280377205441913e-06,1.578681987810736e-06,1.384120989044601e-06,1.2286903694806424e-06,1.1034741060276787e-06,1.0004039879079773e-06,9.146493713073337e-07,8.417449891101673e-07,7.790834958505909e-07,7.250917641848661e-07,6.779512394837283e-07,6.364584357306719e-07,5.996715677338946e-07,5.668485198465167e-07,5.372308799815882e-07,5.106506517523094e-07
6,0.00010170930324910918,0.00010261613416128945,0.00010323305389704597,0.00010356463825610705,0.00010346779813436516,0.00010278926912189924,0.00010136793448392612,9.891593474521978e-05,9.538938680684227e-05,9.001258594448242e-05,8.306478722630722e-05,7.521675970850283e-05,6.800282383412463e-05,6.129712254989962e-05,5.555236581343802e-05,5.0322210983425585e-05,4.552549437350487e-05,4.108046219882504e-05,3.691346642985407e-05,3.299805808829379e-05,2.9353333074423685e-05,2.5950803639251717e-05,2.2731336824068348e-05,1.97413784823665e-05,1.697522117114295e-05,1.4356211249129005e-05,1.1996281659232526e-05,9.868863386300306e-06,7.989111223431496e-06,6.374724839621093e-06,5.055341342954317e-06,4.010180909651942e-06,3.213680980807689e-06,2.62246959363518e-06,2.183596812766475e-06,1.8525281382866875e-06,1.6015152942556094e-06,1.40523595333921e-06,1.2481739818167883e-06,1.1214658899066965e-06,1.0170604205609613e-06,9.301200370885187e-07,8.561647857396453e-07,7.925654573155323e-07,7.377433297279671e-07,6.898609828774504e-07,6.477028708958638e-07,6.103168963920145e-07,5.770163062260865e-07,5.47512257728285e-07
7,0.00010200418926522403,0.00010305045912972814,0.00010386627069194969,0.00010437152037459558,0.0001045784809691546,0.00010431873158297424,0.00010343276079871378,0.00010174405174159616,9.893534077969029e-05,9.49965855915161e-05,8.900639689498024e-05,8.166086117415651e-05,7.405230233029988e-05,6.667055708966358e-05,6.04409592950967e-05,5.480537529445381e-05,4.967260397213435e-05,4.494485402667698e-05,4.054547952511208e-05,3.6456256777739294e-05,3.258863015069338e-05,2.8997535180770536e-05,2.5607740772914334e-05,2.2453950055409675e-05,1.9506183500898524e-05,1.6778959580045053e-05,1.4198126712066792e-05,1.1878915880497766e-05,9.787461084839644e-06,7.938240369720118e-06,6.353981751680272e-06,5.055867537670797e-06,4.0246998328470025e-06,3.2358469140392593e-06,2.6474749855095706e-06,2.2088084351977446e-06,1.8766690234520703e-06,1.624088611680332e-06,1.4261559731988576e-06,1.2675058759246288e-06,1.1393433023223985e-06,1.03362713689736e-06,9.455587917582061e-07,8.705268134281893e-07,8.060001390842885e-07,7.50355709274538e-07,7.017378934451661e-07,6.589195197002639e-07,6.209384995963863e-07,5.871017077888108e-07
8,0.00010221735432556551,0.00010338614363573978,0.0001043511062458941,0.00010505285696384506,0.00010546274754480778,0.0001055513321843433,0.00010510341652342858,0.00010399560718709235,0.00010201523246263716,9.880642976953952e-05,9.475435153929779e-05,8.807131330365554e-05,8.03806087074547e-05,7.288654787241205e-05,6.56309526162166e-05,5.959350642272339e-05,5.406560618191387e-05,4.902391153230972e-05,4.436727108345562e-05,4.0038191006707994e-05,3.594883857914954e-05,3.2164555552213186e-05,2.8633582870479043e-05,2.5288540388259266e-05,2.2176938884267413e-05,1.9272273821665596e-05,1.6585193452459914e-05,1.4048946865498473e-05,1.1762739889996918e-05,9.705182100810594e-06,7.889932768825184e-06,6.333142889205414e-06,5.0559171979409416e-06,4.038544712886069e-06,3.2572912114732624e-06,2.671895835766053e-06,2.2335625513188455e-06,1.9004643400784633e-06,1.6464034759616471e-06,1.4468813831869198e-06,1.2867026196982262e-06,1.1571059002608145e-06,1.0501036224042093e-06,9.608870145136608e-07,8.848305883175046e-07,8.193871056501189e-07,7.629285179182517e-07,7.135816288606821e-07,6.701080797909106e-07,6.315361062694859e-07
9,0.00010235923808718362,0.00010363997113589795,0.00010473433031378276,0.00010561408755853018,0.0001062142817603981,0.00010653520176456394,0.00010644728542527794,0.00010581121336031868,0.00010446376157542685,0.00010216870822936512,9.900665327103702e-05,9.389439384724611e-05,8.695437458707733e-05,7.920925724347378e-05,7.175170897462133e-05,6.472793352134437e-05,5.875389788857516e-05,5.3329572640761073e-05,4.837643458300259e-05,4.380102295501039e-05,3.951916603557814e-05,3.548891392734753e-05,3.175427794790688e-05,2.8270084821691953e-05,2.4968864605651026e-05,2.1901589812683627e-05,1.9039284821342877e-05,1.638292248045111e-05,1.3890991048310273e-05,1.1649190907635235e-05,9.624990323892278e-06,7.842108265827964e-06,6.312250490157192e-06,5.06201090856159e-06,4.051752496236721e-06,3.278077422972505e-06,2.6957483502656957e-06,2.257867756359588e-06,1.923918147870077e-06,1.6682957338973912e-06,1.4674126076296259e-06,1.3057340764523353e-06,1.1747532900662815e-06,1.0664893989234389e-06,9.761427533248014e-07,8.990756533641049e-07,8.327259353165313e-07,7.754613755736293e-07,7.253918511690656e-07,6.812682544160583e-07
10,0.00010244844185988891,0.00010381448212158549,0.00010502858410137294,0.00010604404534019699,0.00010683641598697359,0.00010732457113152087,0.00010752208559346944,0.00010727925808023122,0.0001064345402490504,0.00010484042149741315,0.0001022019788884932,9.850550264671951e-05,9.298547843599828e-05,8.56712776453602e-05,7.793434454864237e-05,7.059640824953894e-05,6.377036622816202e-05,5.792006363021405e-05,5.260695688749278e-05,4.77349638707235e-05,4.3204535481199145e-05,3.894884841057845e-05,3.5033811094322004e-05,3.134684231107389e-05,2.7907623260166332e-05,2.469599081514194e-05,2.1628096430659417e-05,1.8815534656371986e-05,1.6192083723627332e-05,1.3740429145998332e-05,1.1534572472152385e-05,9.546510305874177e-06,7.79465955668358e-06,6.298104293315183e-06,5.06103260171452e-06,4.064357878195692e-06,3.298231052242078e-06,2.7190483374804473e-06,2.2817326207532294e-06,1.9470345913546243e-06,1.6901079938268524e-06,1.4877501590856775e-06,1.3254796962575671e-06,1.192285127141657e-06,1.082784021997613e-06,9.91325550240941e-07,9.13278306246911e-07,8.460162234234261e-07,7.879539157126916e-07,7.371682350450795e-07
11,0.00010248384616749403,0.00010393210066535999,0.0001052429568646878,0.00010638264567748403,0.0001073174148187645,0.0001080118552336603,0.00010838978689780643,0.00010845493182170312,0.00010804351815588817,0.00010698746163078264,0.00010511202731567352,0.00010210049475161693,9.81810882535273e-05,9.193203936983649e-05,8.440437492537181e-05,7.6638132061428e-05,6.91334772028981e-05,6.283354198640575e-05,5.709008977787774e-05,5.189925075010585e-05,4.708550475713464e-05,4.263520506613636e-05,3.843720761628823e-05,3.457562637933081e-05,3.0938018803355846e-05,2.754673545522909e-05,2.438056916564745e-05,2.1356426037696858e-05,1.8585956421206995e-05,1.600331462501073e-05,1.3591977844782369e-05,1.1416253314903176e-05,9.46972827730839e-06,7.747939224611192e-06,6.277197217891091e-06,5.059699609583359e-06,4.076393447554707e-06,3.3177765208412593e-06,2.741811233215206e-06,2.3051656741437984e-06,1.9714682782106474e-06,1.7116671085846998e-06,1.5078946312531636e-06,1.344217882030206e-06,1.2097011162717846e-06,1.0989870855339167e-06,1.0064349674847742e-06,9.274044009607853e-07,8.59257578861582e-07,8.004057854220406e-07
12,0.00010247015083368987,0.00010399328857290654,0.0001053882190192772,0.0001066348250475574,0.00010769902331120843,0.00010854901763286089,0.0001091276581807508,0.00010940346313595927,0.00010934834838048834,0.00010873580789836101,0.00010745045575413931,0.00010528157314142437,0.00010185582857100383,9.764438747541856e-05,9.079444252335215e-05,8.298811085304357e-05,7.537060678390875e-05,6.805684751586092e-05,6.189808463578975e-05,5.6272134919245304e-05,5.1178655662576814e-05,4.6443431929406645e-05,4.1997144884196164e-05,3.7926918632812196e-05,3.4102957493169366e-05,3.054053216477434e-05,2.716365113938581e-05,2.4067699612885265e-05,2.110947679866447e-05,1.835883685116622e-05,1.5816788081388392e-05,1.3445308547546732e-05,1.1308016971305262e-05,9.393738598038226e-06,7.70183953076782e-06,6.256370873733762e-06,5.054916563345977e-06,4.08788981369176e-06,3.3367372210257244e-06,2.764052074847119e-06,2.328175375486727e-06,1.9939286008515786e-06,1.732974991969373e-06,1.5278549416282004e-06,1.3628075335788185e-06,1.2270010065622206e-06,1.1150982147845552e-06,1.021470600466407e-06,9.414705237313268e-07,8.727199982288027e-07
13,0.00010242258870673522,0.00010401486305481931,0.00010548145954777555,0.0001068122733463771,0.0001079959686870502,0.00010897985620776674,0.0001097483055512073,0.00011021295894429983,0.00011039841085310332,0.00011016011498998765,0.00010935962018620994,0.00010781818598061448,0.00010531567952054806,0.00010195993985670089,9.661752821035167e-05,8.947458199638237e-05,8.168601494292617e-05,7.411338674527879e-05,6.700158371803499e-05,6.095591608990184e-05,5.546253653670083e-05,5.0462119118836206e-05,4.580671841969758e-05,4.143050703917087e-05,3.741885672803721e-05,3.365109954680045e-05,3.0136534818470137e-05,2.6807689622402738e-05,2.375714790380742e-05,2.0821607149552984e-05,1.813436414522155e-05,1.563261284557913e-05,1.3300354318697991e-05,1.1201339741318933e-05,9.318861993120953e-06,7.656392189207892e-06,6.235656413905308e-06,5.0529780913490496e-06,4.098875750395435e-06,3.355135544944142e-06,2.785785513832289e-06,2.350770125278126e-06,2.016064633283349e-06,1.7540336359674563e-06,1.547614947163981e-06,1.3812487540405812e-06,1.244184594997758e-06,1.1311170722725313e-06,1.036024412551146e-06,9.554762870650355e-07
14,0.00010233793031944192,0.00010398059499283582,0.00010552180293532896,0.00010693529460488155,0.00010821090318155457,0.0001093227542863453,0.00011022406829079096,0.00011089907385770815,0.00011125059119978198,0.00011130645501022044,0.00011090447508411866,0.00010988163385986001,0.00010808851365960464,0.00010523124395722333,0.00010132438973856697,9.560440439361803e-05,8.813715140672993e-05,8.029928905636901e-05,7.28707066971912e-05,6.595287822165746e-05,6.004110706130455e-05,5.467318474270591e-05,4.97517010303288e-05,4.5164987437128066e-05,4.086746050324138e-05,3.691820525262883e-05,3.3200038894413264e-05,2.9735394768068714e-05,2.6453672510977786e-05,2.340542798166167e-05,2.056039221221973e-05,1.7912772166247352e-05,1.540169213701778e-05,1.3158058563807419e-05,1.1094795232002325e-05,9.245065322873198e-06,7.611623061177378e-06,6.215414587360652e-06,5.0507890558483626e-06,4.109378279678858e-06,3.372992932457787e-06,2.8070258192836456e-06,2.3729582364311187e-06,2.037880757207644e-06,1.7748451058471532e-06,1.5671841047385078e-06,1.3995417029489731e-06,1.2612517203144708e-06,1.1470433509153247e-06,1.050910183137905e-06
15,0.00010222284172518,0.00010392341262913633,0.00010551631509004512,0.000107004911188677,0.0001083665964567399,0.0001095769846490876,0.00011060907289622715,0.00011143365612918209,0.00011198959092731239,0.00011224269122459206,0.00011215589502619263,0.00011158142066626337,0.00011033598089073912,0.00010825245664395327,0.00010501212857971863,0.00010083276467450538,9.413034593564728e-05,8.675435495370617e-05,7.889095894567251e-05,7.131359135428824e-05,6.492634510142788e-05,5.914254918774638e-05,5.388380097354935e-05,4.903088751160752e-05,4.449682296510005e-05,4.0307847421651886e-05,3.6416266527652316e-05,3.2751253687763734e-05,2.933754138870594e-05,2.6104666934452847e-05,2.3101583473142914e-05,2.0299951513879322e-05,1.7694133863943927e-05,1.523065711904437e-05,1.301876485436682e-05,1.0990080940023157e-05,9.172575212549698e-06,7.567552756284922e-06,6.195113426293894e-06,5.048374506774388e-06,4.118240956284662e-06,3.3903298985318903e-06,2.827786864925468e-06,2.3947479326197998e-06,2.059381381487653e-06,1.7954115362154902e-06,1.5865633032794694e-06,1.417686598624426e-06,1.278202265725301e-06,1.1628767763305647e-06
16,0.00010207496149816692,0.00010381867382115209,0.00010547703628068747,0.00010703057880032072,0.00010846118289526285,0.00010976050572954275,0.00011090960287395604,0.00011186218984565907,0.00011259015788568011,0.00011303991386881347,0.00011317792322014509,0.00011297040024522948,0.0001121857475535006,0.0001106965248851549,0.0001082981778136769,0.00010463296969787375,0.00010022744264109008,9.316229443967181e-05,8.52179849916054e-05,7.75334015969951e-05,7.01495449668383e-05,6.391541531276046e-05,5.8256421752413266e-05,5.3100242901940935e-05,4.834020480854944e-05,4.385789324171108e-05,3.975202788132202e-05,3.59003059572162e-05,3.231648613006484e-05,2.891769168781748e-05,2.576071095770476e-05,2.2803431737632575e-05,2.0050426166338573e-05,1.7478158608065247e-05,1.5050821724489281e-05,1.2881572170588796e-05,1.0887258212346788e-05,9.10134643842298e-06,7.524227579679584e-06,6.174970960726896e-06,5.045757351319888e-06,4.12795175323266e-06,3.4071660814798737e-06,2.848082140736747e-06,2.4161473431992047e-06,2.080570948633733e-06,1.8149842760250511e-06,1.6057534956084622e-06,1.4356837090050377e-06,1.2950361540097465e-06
17,0.000101900903011652,0.00010368687397664442,0.00010539227296078528,0.00010700168868576257,0.00010850945608022314,0.00010988806394983477,0.00011112644487487074,0.00011220836654324009,0.00011308174769405821,0.00011371194891954625,0.00011405894171537594,0.00011409449106899403,0.00011369529124349589,0.0001126995240625072,0.00011096252150122378,0.00010822529981604192,0.00010463690998130125,9.905796894146348e-05,9.181308832833535e-05,8.383012958964129e-05,7.614638934525455e-05,6.9011401078264e-05,6.291771278352607e-05,5.740372912068695e-05,5.232577466881981e-05,4.7597299258568615e-05,4.3239927049340455e-05,3.9191875081978523e-05,3.54106617813232e-05,3.187605595383007e-05,2.85254349486339e-05,2.5418193005089232e-05,2.2505694874419536e-05,1.979684774779591e-05,1.7213593876566657e-05,1.4879467837965809e-05,1.2745353589856282e-05,1.0786398755764742e-05,9.029371802316475e-06,7.481608076517143e-06,6.1549903667265225e-06,5.042958559214753e-06,4.1372145161442485e-06,3.423520281387375e-06,2.8679247600551225e-06,2.437164488575047e-06,2.101453912169053e-06,1.8350678730014584e-06,1.6247556958099765e-06,1.453533357706075e-06
18,0.00010170264155637368,0.00010353252345325,0.00010528089630362589,0.0001069491088125144,0.000108509262977061,0.00010996186777999469,0.00011128714527290531,0.00011246979788495504,0.00011346506491509154,0.00011425865003378048,0.00011480222952731141,0.00011501775452366036,0.00011492154783479472,0.00011435188758869742,0.00011313602440299001,0.00011111982007677732,0.00010801449110089655,0.00010385930527790897,9.791663057090512e-05,9.028286790428139e-05,8.228708491888945e-05,7.447335249573844e-05,6.790622915593473e-05,6.194012696383997e-05,5.6536586822184346e-05,5.156087165097214e-05,4.6915307213359936e-05,4.2630891681127986e-05,3.864935515039548e-05,3.492076063526479e-05,3.144015079545346e-05,2.8142917618662017e-05,2.507771678325973e-05,2.2215348711843384e-05,1.9547155522811505e-05,1.7012954194199314e-05,1.4703661642840064e-05,1.2606735295635244e-05,1.068745838865871e-05,8.960809379926014e-06,7.4398746474515505e-06,6.135218402172824e-06,5.039997310793967e-06,4.146085985544353e-06,3.43941048277713e-06,2.8873274650621242e-06,2.457807273882697e-06,2.122034738079354e-06,1.8549129804405292e-06,1.6435709684849102e-06
19,0.0001014854375466572,0.0001033468478034976,0.00010514213397277676,0.00010685141363780807,0.00010847636824352668,0.00010999378111700502,0.00011139361494684743,0.00011265963353338163,0.00011377332432909128,0.00011469544664945557,0.00011539460126425654,0.00011581594415527794,0.00011596276350906065,0.00011568685830587154,0.00011493470062390248,0.00011348507491367597,0.00011116916885589652,0.00010765970339775558,0.00010348835553234251,9.672022287735402e-05,8.877680910670475e-05,8.085710993992708e-05,7.322140293367373e-05,6.680932677265424e-05,6.09790201365634e-05,5.568722551547357e-05,5.0800540564650464e-05,4.6241448627023355e-05,4.2029069902951165e-05,3.808083189897319e-05,3.443655300472589e-05,3.1009090638388173e-05,2.7763666097693934e-05,2.4749304616780286e-05,2.1926989608084592e-05,1.9301719598860846e-05,1.680275510180302e-05,1.4538492783359066e-05,1.247815326703454e-05,1.0590653638163086e-05,8.893566182160393e-06,7.398856408229192e-06,6.115668266404975e-06,5.0368911644798955e-06,4.154586060417559e-06,3.4548539051824303e-06,2.9063026260806316e-06,2.478083498454689e-06,2.1423178890517755e-06,1.8745219493362593e-06
20,0.00010124321315674205,0.00010313961730852465,0.00010497308026035037,0.000106725774607662,0.00010839834780788887,0.00010998057625269193,0.00011144661566008769,0.00011278988133106357,0.00011399846486126923,0.00011504118959045519,0.00011588291673344642,0.0001164865013925226,0.00011679926606513728,0.00011682328979655783,0.0001164133371335511,0.00011544850214093325,0.00011374025963589207,0.00011109242418007301,0.0001071494575135514,0.0001025231544298152,9.53910604840043e-05,8.723048216253049e-05,7.942111189358086e-05,7.197628400663172e-05,6.571502517447061e-05,6.005190259995737e-05,5.4849829127504605e-05,5.001321245681498e-05,4.557542888624768e-05,4.143307512114086e-05,3.75649876115241e-05,3.396828055345282e-05,3.058317237112289e-05,2.7387893193939567e-05,2.442046258918396e-05,2.164292509228071e-05,1.9059640892785668e-05,1.660274798744391e-05,1.436787755202735e-05,1.2351827524666883e-05,1.0495441066930362e-05,8.827640968444652e-06,7.358558174919041e-06,6.096351013698436e-06,5.033656172837882e-06,4.162733471396458e-06,3.46986702930215e-06,2.924862245329236e-06,2.4980008342821224e-06,2.1623078350537194e-06
21,0.00010098311912388483,0.00010291402053618256,0.00010478031552034067,0.0001065766855651153,0.00010829306649653984,0.00010992162137435592,0.00011145421107215248,0.00011287670248273162,0.00011416062594250337,0.0001153101155194219,0.00011627555043134954,0.00011703185561105969,0.00011754008578324871,0.00011774262698677512,0.00011762692008037846,0.00011705052598705983,0.00011585380961953816,0.0001138905543997858,0.00011089322818176688,0.0001071191972675046,0.0001009601349879548,9.371611524729883e-05,8.560269678784907e-05,7.74807059388619e-05,7.078821687989757e-05,6.466448198903748e-05,5.912025098925366e-05,5.401858733746036e-05,4.927433850357742e-05,4.489957970699983e-05,4.083435312869949e-05,3.7040043742268276e-05,3.349531859612332e-05,3.0135496834977417e-05,2.7016679882741635e-05,2.4092573105958892e-05,2.1371004170248784e-05,1.8821656973897774e-05,1.64062755176599e-05,1.4208601556234518e-05,1.221056327466321e-05,1.0402143256367006e-05,8.763028682182376e-06,7.318982211004175e-06,6.0772757914812394e-06,5.030307034640774e-06,4.1705458645938765e-06,3.484465630632162e-06,2.943017984714536e-06,2.5175668241952345e-06
22,0.00010070840351664066,0.0001026662327831444,0.00010456463787205289,0.00010639864263006322,0.00010815634249585421,0.00010983606040333348,0.00011142673998396686,0.00011290761646246644,0.00011427456720496186,0.00011550331548039778,0.00011658679752183083,0.0001174727071280169,0.00011813719204052622,0.00011854165957210383,0.00011862174690872682,0.00011837008994503705,0.00011761477871318725,0.00011618955328777318,0.0001139314024151143,0.00011054837472499071,0.00010619631146800819,9.98888549577835e-05,9.213520470016345e-05,8.405884065889139e-05,7.620468520069114e-05,6.960773035396349e-05,6.363012395402242e-05,5.820670604643446e-05,5.3207656037520424e-05,4.8549710174361564e-05,4.425084777239474e-05,4.025617447556249e-05,3.65172214163479e-05,3.3028377744289945e-05,2.9719633930256695e-05,2.665131826672958e-05,2.3775507004187144e-05,2.109123150358774e-05,1.8539570873104563e-05,1.6206015276537438e-05,1.4054224392907536e-05,1.2088419285355474e-05,1.031099422198097e-05,8.699720973409765e-06,7.280293878891815e-06,6.0657709820625114e-06,5.02685720619065e-06,4.1780398700598595e-06,3.4986648084065456e-06,2.9607811427143136e-06
23,0.00010041691698498012,0.00010239726712982282,0.00010432702718141732,0.00010619584695960139,0.00010799491562972597,0.00010971925298476578,0.00011135507543757662,0.00011290741375976909,0.00011434137425164868,0.00011564988363309915,0.00011681991253521293,0.00011783186633306368,0.00011863555374685706,0.0001192095357132312,0.00011948968126520757,0.00011949022453112081,0.0001190701551880619,0.00011811110898607755,0.00011643207777338715,0.00011385979626100561,0.00011004617196994707,0.00010556185479445817,9.86026734610879e-05,9.072307233347332e-05,8.251914945079069e-05,7.486772520366309e-05,6.844100818281807e-05,6.261575268109296e-05,5.7314593077438696e-05,5.2363640153202596e-05,4.783493076096793e-05,4.361066115217701e-05,3.967163179665618e-05,3.6001167473062026e-05,3.2567686223210974e-05,2.9311438968079393e-05,2.6293556206771616e-05,2.3462609711370266e-05,2.0825975958962563e-05,1.830484507794664e-05,1.602337509638376e-05,1.3901472093150953e-05,1.196864299095832e-05,1.0221476561955979e-05,8.637226665226936e-06,7.242129732839283e-06,6.0469654273769525e-06,5.023318978081472e-06,4.185231170167608e-06,3.5124790218622637e-06
24,0.00010010728118823395,0.00010211741459397036,0.00010406931607545626,0.00010597158102177944,0.00010780594693010563,0.00010956775829612449,0.00011125649093489212,0.0001128552468848584,0.00011435772042105334,0.00011574305196614161,0.00011699508646139971,0.00011810136699850794,0.00011904016005485317,0.00011975780272485146,0.00012023611709690431,0.00012040834615311683,0.00012026659041139305,0.00011969202766795242,0.00011850064682354203,0.00011657372150570529,0.00011365222957857123,0.00010989528974360171,0.00010435171665686828,9.694499648959493e-05,8.885425725837466e-05,8.096079738406855e-05,7.36050595878769e-05,6.731082209828584e-05,6.163613990782976e-05,5.6421073934237375e-05,5.157729596435013e-05,4.712988948426988e-05,4.297015298859724e-05,3.9101928708423414e-05,3.55029964188306e-05,3.2085204703826124e-05,2.8912168003350747e-05,2.5939707191263334e-05,2.315412417545118e-05,2.055991536826701e-05,1.808144935720312e-05,1.5824630460810202e-05,1.3756612787488714e-05,1.1851568174781372e-05,1.0133831143594332e-05,8.576593093019975e-06,7.204607421597448e-06,6.024562670334357e-06,5.019895973671063e-06,4.1921345543072416e-06
25,9.978360449941524e-05,0.00010181928945251794,0.00010379741448179724,0.00010572485386575767,0.00010759752592596578,0.00010940292772831228,0.00011113228590853092,0.00011277306370500634,0.00011432914662540444,0.0001157801617420078,0.0001171164613579328,0.00011830622846478939,0.00011935495623441359,0.00012020533963196247,0.00012083392710236416,0.00012121774061236578,0.00012126337308653921,0.00012098988229483984,0.00012023261907738102,0.0001188205265953505,0.00011660622004134044,0.00011331206152629455,0.00010926065867099345,0.00010305583989138766,9.530400799413328e-05,8.713826620320258e-05,7.910987570021589e-05,7.234169191210457e-05,6.620541314936309e-05,6.065995727265771e-05,5.5502308765282485e-05,5.0798834744624684e-05,4.6418159411768164e-05,4.23467479348975e-05,3.8548330155933846e-05,3.500119123337102e-05,3.1638108850264384e-05,2.8515775655710594e-05,2.559112728548805e-05,2.2847421859523656e-05,2.0298658469526207e-05,1.7862217418584502e-05,1.5642571982827547e-05,1.3610038752193783e-05,1.1732839678256251e-05,1.0045811686101502e-05,8.517306364363405e-06,7.167880543945745e-06,6.006288392894541e-06,5.0162275335793555e-06
26,9.944912156780503e-05,0.00010150031995673819,0.00010351345883878054,0.0001054631491322745,0.00010736554024579675,0.00010920509858286322,0.00011097418214154443,0.00011266737648044058,0.00011427028203676008,0.00011578486074937789,0.0001171815701970364,0.00011845774745292152,0.00011958956828514717,0.00012056679876579507,0.00012134186610895481,0.00012188302156897364,0.00012215803857410022,0.00012207097266670017,0.00012167376050737657,0.00012069649509847385,0.00011904633309596047,0.00011652216842245984,0.00011282325341039313,0.00010855923598972622,0.00010169186586206938,9.36393679016564e-05,8.554146118608509e-05,7.769272670038299e-05,7.109209109145456e-05,6.512748556219031e-05,5.972179779524704e-05,5.46509316961005e-05,5.003684502858505e-05,4.57345192881331e-05,4.173678404248473e-05,3.799735235629209e-05,3.450672477327237e-05,3.1196929648036446e-05,2.8125728482187302e-05,2.52482110792105e-05,2.2555837726350227e-05,1.9990549641167676e-05,1.763926453781638e-05,1.546477704806476e-05,1.3461393051862976e-05,1.1620726363987879e-05,9.961892628662433e-06,8.459232976520232e-06,7.131862031211661e-06,5.988296735323556e-06
27,9.910216569434093e-05,0.0001011712290793272,0.00010320659254517711,0.0001051858473650503,0.00010711239914727506,0.00010898450881677811,0.00011079045294829872,0.00011252255271287337,0.00011418084758399688,0.00011573822405569664,0.00011721126089604518,0.0001185629801841786,0.000119778978297628,0.00012084591243856276,0.00012174995523331582,0.00012243701640491183,0.00012287878900108792,0.00012301923003215794,0.00012286364066807842,0.00012226787674654737,0.00012110126624356268,0.00011917613739831854,0.000116316998608325,0.00011217848700079555,0.00010745154179784204,0.00010023386602754425,9.193879664771897e-05,8.392165670467191e-05,7.631147236030641e-05,6.988828754664877e-05,6.409771925824768e-05,5.8757526072178834e-05,5.381643527618626e-05,4.927061686528174e-05,4.5077394004120395e-05,4.1115874459285116e-05,3.7463359434190755e-05,3.401977233458269e-05,3.0762305664830694e-05,2.7764672987806678e-05,2.4909452715629956e-05,2.226300137980648e-05,1.973339010821124e-05,1.7435581397761154e-05,1.5290419429976988e-05,1.3320867073397883e-05,1.1510390727952426e-05,9.879773437983862e-06,8.402357737633463e-06,7.09642824324107e-06
28,9.874034513281112e-05,0.00010083257971562147,0.00010288283513735864,0.00010488832012458343,0.00010684280075281855,0.0001087429034410718,0.00011058618298139085,0.00011236065880654105,0.00011405711586214278,0.0001156710238439904,0.00011718830081006288,0.00011861244270465498,0.00011990837742810477,0.00012106230623775578,0.00012206804745624813,0.00012289231825947172,0.00012348958529067965,0.00012383259267148615,0.00012385848171319182,0.00012355421075367827,0.00012278565622983285,0.00012138022281175636,0.00011919861705533053,0.00011597873986760553,0.00011200380457808399,0.00010604976735407476,9.836151536597486e-05,9.013894742613448e-05,8.190995052321623e-05,7.49778560830995e-05,6.871298195946388e-05,6.306065697958642e-05,5.7770706870189854e-05,5.29941246367606e-05,4.852981542041092e-05,4.4389037720015674e-05,4.052465423319519e-05,3.692771202373713e-05,3.351105140767146e-05,3.0337206514049467e-05,2.7387184128229035e-05,2.457989405651787e-05,2.1981300800484105e-05,1.9488778569310734e-05,1.7222350648315307e-05,1.5125513539564961e-05,1.3182999772291026e-05,1.1403437465228816e-05,9.7994263999393e-06,8.346663997427755e-06
29,9.837351221242538e-05,0.00010048085738200881,0.00010255300074034831,0.00010457978297555511,0.00010656078984092499,0.0001084876435835046,0.00011035631249843374,0.00011216963163571783,0.0001139064585662006,0.00011556812500585913,0.00011713877987699128,0.00011861385547050662,0.00011998132702943156,0.00012123121704287477,0.0001223209303118631,0.0001232651998276179,0.00012399944872042233,0.00012450770372847292,0.00012475350319619328,0.0001246385761401494,0.0001241878436215306,0.0001232321102274231,0.00012159061942004184,0.00011911097108547245,0.00011549103106239134,0.00011100178116642281,0.0001045561233840816,9.667590966126791e-05,8.8445962069938e-05,8.042719152568769e-05,7.366754041645528e-05,6.756554570846758e-05,6.204384034148143e-05,5.688074015491408e-05,5.218178635195083e-05,4.780484076946882e-05,4.3741979320739425e-05,3.994197025882638e-05,3.640050360644854e-05,3.303969368624179e-05,2.9920596828388002e-05,2.6997205032239988e-05,2.4254713101036122e-05,2.1698856168483865e-05,1.9248896200096664e-05,1.7012296662396104e-05,1.4953192771285977e-05,1.3048259615779357e-05,1.1298503599159098e-05,9.721028511961495e-06
30,9.799025562164812e-05,0.00010011517011980416,0.00010220480582540571,0.00010425225595243385,0.0001062595118632915,0.00010821093347916404,0.00011011319066216502,0.00011195694187407278,0.0001137301267729363,0.00011543496445938317,0.00011705826643717181,0.00011858842611436487,0.00012002234370744956,0.00012133026408347208,0.00012251925816920013,0.00012354525891536113,0.0001244193209792438,0.000125070859044842,0.0001254821064186787,0.00012561386313593046,0.00012540125342278913,0.00012478765678976036,0.00012360680962723112,0.00012170364270665912,0.00011889458377857763,0.00011485586211474534,0.00011030642626605189,0.00010320584145410206,9.490429463672477e-05,8.677635821801131e-05,7.895651195569213e-05,7.239250266231995e-05,6.647766397376243e-05,6.1031244941504185e-05,5.599434742464285e-05,5.13705119471234e-05,4.7108998655619216e-05,4.306623454007148e-05,3.9366942638931215e-05,3.588182005879266e-05,3.2575801008336475e-05,2.9508574039640738e-05,2.665199392081447e-05,2.393979278096453e-05,2.136743768215036e-05,1.9020335301193123e-05,1.6814183716630574e-05,1.478973418080758e-05,1.2916362361210026e-05,1.1198431203566131e-05
31,9.759837323740724e-05,9.97421523582988e-05,0.00010184611596712672,0.0001039161064973471,0.00010593730063868944,0.0001079199691760441,0.00010984826590950357,0.00011172232507964477,0.00011353270855010047,0.00011527580043067481,0.00011693779619782323,0.00011852621671469943,0.00012001053209674858,0.00012139855309229931,0.0001226602782908603,0.00012377665389139828,0.0001247490134835137,0.00012553541077175406,0.00012609768478580674,0.00012641004844662348,0.00012640025054696093,0.00012607332489098256,0.0001252858550114941,0.00012387387726600982,0.00012171566724178882,0.00011854808371789186,0.00011459216538426637,0.00010902630557716239,0.0001013521359998234,9.336357766337228e-05,8.463143342651982e-05,7.754412501548134e-05,7.114954521077624e-05,6.538171426388333e-05,5.998414386177376e-05,5.512747167539841e-05,5.059136537812305e-05,4.640701486280097e-05,4.245465091383231e-05,3.880833147039759e-05,3.537176150891062e-05,3.211917683347763e-05,2.910627571664722e-05,2.6294302314551857e-05,2.3626930698960266e-05,2.1089864363233546e-05,1.8782808158434827e-05,1.6620334375270155e-05,1.4629665928256889e-05,1.2782656355705056e-05
32,9.719948799301949e-05,9.935527458799461e-05,0.00010147730597352868,0.00010356573468074204,0.00010561057933607259,0.00010761233833863364,0.00010956575995444926,0.00011146867472483293,0.00011331026379594471,0.00011509024393201257,0.00011679886646350089,0.00011842685818058818,0.00011996282462755882,0.00012140996454653732,0.00012274838117774616,0.0001239540517924431,0.0001250090992698793,0.0001259109054358444,0.00012661621407240872,0.000127087175686862,0.00012729730284920541,0.00012715419630614819,0.00012668297136285203,0.0001257086525751635,0.00012406560608659234,0.00012160966489436483,0.00011806098148249688,0.00011345263856031407,0.0001074301624221116,9.952331460932363e-05,9.125908545347848e-05,8.305970450941621e-05,7.618656076326284e-05,6.993771793959068e-05,6.430281789291057e-05,5.903246363904161e-05,5.4253995876949947e-05,4.9821866123727585e-05,4.5691865405396026e-05,4.183816221345186e-05,3.824938196770723e-05,3.483736685663801e-05,3.167502393422102e-05,2.870936447706367e-05,2.593257912147075e-05,2.3320045475569925e-05,2.0834409548133793e-05,1.8557950776473494e-05,1.6437721794014906e-05,1.4471902877769933e-05
33,9.679123602693189e-05,9.896097343348862e-05,0.0001010992830372041,0.0001032026490323221,0.00010526588927755256,0.00010729263088164947,0.00010926885681062279,0.0001111963156389552,0.00011306936012999429,0.00011488367066516566,0.00011662988998271144,0.0001182987495289051,0.00011989689001944164,0.00012139581058780953,0.00012278616833250988,0.00012406727878875353,0.00012521602494475548,0.00012621238273753015,0.00012704723059551093,0.00012765597649728783,0.00012803092058125893,0.00012813340487316906,0.00012785471203712593,0.00012722143718922529,0.00012605217052040222,0.00012416344447935555,0.0001213839437496777,0.00011742186927553201,0.00011293413047735479,0.00010588958080490897,9.796801405909417e-05,8.950523553175835e-05,8.15296746433958e-05,7.482531289432712e-05,6.878950669676244e-05,6.324207954414275e-05,5.8113812781613915e-05,5.341712324770604e-05,4.908882599228267e-05,4.5016380764993324e-05,4.1231802758845006e-05,3.769998593524271e-05,3.434727020754012e-05,3.123646149268547e-05,2.8319224921204726e-05,2.558052940344049e-05,2.296766783168273e-05,2.0575901536510947e-05,1.832051002293785e-05,1.6252143369340515e-05
34,9.637608849298327e-05,9.855744922541147e-05,0.00010071006293886675,0.00010282817174709877,0.00010491242410369483,0.00010695349718512989,0.00010895672967598771,0.00011090901825563933,0.00011281076908562723,0.00011465330047907648,0.00011643607927170551,0.00011814728199289208,0.00011978385472644488,0.00012133547814416074,0.00012278985220183527,0.00012414159103366478,0.00012536264240610277,0.00012644850236451084,0.00012737858973440686,0.00012813490945139816,0.00012865985542562106,0.00012893364965674154,0.00012891888116785732,0.0001285364834409348,0.00012772897105503924,0.00012630602550993018,0.00012415643254188623,0.0001210339352025347,0.00011662575112491239,0.00011175628373415559,0.00010412776641575808,9.612428004024563e-05,8.726066811058093e-05,8.003093683336836e-05,7.351519580148888e-05,6.763466492755254e-05,6.214100734836786e-05,5.7183226084891766e-05,5.259535343179503e-05,4.83494198171839e-05,4.434396879576071e-05,4.0643533747152376e-05,3.71601528324684e-05,3.3863309047213985e-05,3.080485235937341e-05,2.7936378355937985e-05,2.524550272603023e-05,2.2672735919348517e-05,2.032157796463123e-05,1.8104199469902826e-05
35,9.595405672845702e-05,9.814549349492096e-05,0.00010030865669333796,0.00010244719799381839,0.00010454360980943562,0.00010660835593110536,0.00010862638121294703,0.00011060169682216011,0.00011253446640252172,0.00011440721173246217,0.00011622388816215758,0.00011797467159318221,0.00011964916112350417,0.00012124538780277971,0.00012275514943838173,0.0001241650886961262,0.00012546680699138286,0.00012663696955779477,0.00012765754042139114,0.00012852162537598752,0.00012918914243558997,0.00012962279022983515,0.00012979979088352249,0.00012961882026173198,0.00012912213083805023,0.00012812934877744165,0.00012647901124138237,0.00012403849983531467,0.00012053905739309081,0.00011640552466727297,0.0001103083502788329,0.00010233421396310876,9.372804110238358e-05,8.561469957879071e-05,7.858748556053374e-05,7.226840711958978e-05,6.650258645986654e-05,6.11392720994457e-05,5.628705519504215e-05,5.179080583637864e-05,4.759804956928136e-05,4.3688040469416256e-05,4.005385391983277e-05,3.6598855226915786e-05,3.339087718925094e-05,3.038516825094218e-05,2.756062301801036e-05,2.4915875017263976e-05,2.2388461797054975e-05,2.006596872551438e-05
36,9.551803206350454e-05,9.772355600177503e-05,9.990022612003952e-05,0.00010205027358908838,0.00010416818490745847,0.00010624692971311728,0.0001082869219896897,0.00011028455108965295,0.00011224058565803469,0.00011414179018800225,0.00011598775318083068,0.00011776752512778961,0.00011949445012887016,0.00012113006778978645,0.0001226892148210913,0.00012415125053274797,0.00012551700094760098,0.00012676594683274137,0.00012787481161203131,0.00012882949772394312,0.00012961599562488733,0.00013020170605692618,0.00013053971122782147,0.00013060785999287672,0.00013029345061825868,0.00012967044812393075,0.00012845208102953807,0.00012655729615676663,0.00012380653703942664,0.00011989833002785965,0.00011557687471360863,0.00010862845937365804,0.00010072394613012767,9.214363365964827e-05,8.399937907963722e-05,7.718376855888255e-05,7.10302143795575e-05,6.53062686351801e-05,6.015014333154268e-05,5.54088142062664e-05,5.101728895094725e-05,4.688721341932366e-05,4.3050325619142736e-05,3.947472712261991e-05,3.6083699921632323e-05,3.292113774138294e-05,2.997280915505384e-05,2.7191447070079122e-05,2.459159345757927e-05,2.210457819236003e-05
37,9.50808396007969e-05,9.729696506368398e-05,9.948964657277336e-05,0.000101648527996257,0.00010378191415790415,0.00010587924273624001,0.00010793455191534435,0.00010995490805952086,0.00011193136304297728,0.00011385908354251416,0.00011573113163040567,0.00011755082467261105,0.00011930408576278115,0.00012098526533213874,0.0001225842292316165,0.00012410783164626076,0.00012552642739616307,0.0001268424626965083,0.00012803255346781483,0.00012908611739195097,0.00012997368893247687,0.00013069124641541287,0.00013118023488526754,0.00013141784763456393,0.00013136703965221377,0.00013095282065296316,0.00013010934402110294,0.0001286815243254274,0.0001265335144114894,0.0001234399337322391,0.00011910076646027689,0.00011426281167182797,0.0001068547950812859,9.851444648680289e-05,8.97973096238631e-05,8.244685151958298e-05,7.581191614869213e-05,6.981940843595928e-05,6.422817385916968e-05,5.921102519397497e-05,5.454808434154947e-05,5.024149683466636e-05,4.615516759703907e-05,4.242558775923465e-05,3.890613018424306e-05,3.556685135324051e-05,3.246840120383617e-05,2.9565212351537107e-05,2.6779961883246433e-05,2.4220078942174834e-05
38,9.46366064995908e-05,9.686380928771992e-05,9.906250837354875e-05,0.00010123765669664209,0.0001033823840745482,0.00010549746880567227,0.00010757328092622551,0.00010960914207416477,0.00011160904613941754,0.00011355977487647089,0.00011546275588183358,0.00011730542056439229,0.00011909524263355861,0.00012081788226355446,0.0001224621749645946,0.0001240263156543604,0.0001255080185421129,0.00012687903087986888,0.00012814716086075205,0.0001292758545075561,0.0001302622537385717,0.0001310838450747301,0.00013172066112337392,0.00013211574890000611,0.00013225781316424337,0.00013207530564088865,0.00013151090277356697,0.0001304878748222136,0.0001288345668357339,0.00012640259753459086,0.00012293521296629771,0.00011880312781474614,0.00011291469835067957,0.00010501549647929182,9.632300228642369e-05,8.808475866291989e-05,8.093782609871514e-05,7.45044261705021e-05,6.86399544352337e-05,6.319345930133205e-05,5.826515442081121e-05,5.3703858576566035e-05,4.9481300675601e-05,4.549110676293381e-05,4.181451678534039e-05,3.8348002414261404e-05,3.506751053022307e-05,3.2019939734492926e-05,2.9162230450154253e-05,2.647919000630675e-05
39,9.418632816256741e-05,9.64174399255313e-05,9.862987906374527e-05,0.00010081825044146324,0.00010297447894348819,0.00010510675386134682,0.00010719742631848911,0.00010925376529001733,0.0001112715229316674,0.00011324544669687424,0.00011517466958708576,0.00011704678557300747,0.00011886565103435823,0.00012061756307040894,0.0001223097748153437,0.000123921040177988,0.00012544833911110203,0.00012687381276390363,0.00012820590749947568,0.00012941868972527303,0.00013049617994750836,0.00013141509678311322,0.0001321671008928634,0.00013270988520580656,0.00013300708838187718,0.00013303834357635924,0.0001327278511652143,0.0001320016292260812,0.00013079683572832866,0.00012889001396789758,0.00012614957962358886,0.0001222893166696856,0.00011810609554178642,0.00011105109003679278,0.00010303361746595588,9.468851423621707e-05,8.639611678423998e-05,7.945345106606914e-05,7.32092408685749e-05,6.738415316660263e-05,6.215628687709896e-05,5.734685594399534e-05,5.2896486729402696e-05,4.870852064079557e-05,4.482318650747802e-05,4.120664590500183e-05,3.776475371960406e-05,3.457132756777253e-05,3.1584744133679387e-05,2.8768048905894355e-05
40,9.37295068837597e-05,9.597132464176407e-05,9.81943333942151e-05,0.00010039304264286808,0.0001025591767656327,0.00010470236413071771,0.00010681087885895678,0.00010888727898721868,0.00011092420909850285,0.00011291930537550464,0.00011487141563461622,0.00011677114761869655,0.00011861603183084195,0.00012040346158311088,0.00012213128876016363,0.00012378194298391095,0.00012535422218045559,0.00012684185422488697,0.00012823228521486379,0.00012951174305297664,0.00013066054984311933,0.00013167822100638928,0.00013253402126232856,0.00013320559459719766,0.00013366080469657304,0.00013386152343959515,0.00013377421671932033,0.00013332143180450838,0.0001324628547488536,0.000131003368296372,0.00012885567271354772,0.00012577080343502935,0.00012148458713073202,0.0001168025825440643,0.00010935020997234088,0.00010108358302550244,9.224935005899697e-05,8.478165523201975e-05,7.803699756909232e-05,7.194704665565184e-05,6.62661951923533e-05,6.11560620819969e-05,5.644789141264558e-05,5.208453166017664e-05,4.7979281666824836e-05,4.416744669581163e-05,4.061022643050642e-05,3.7237014152561314e-05,3.409220906435063e-05,3.115549528930063e-05
41,9.326875472298168e-05,9.551899328494224e-05,9.774792893933742e-05,9.995702130068766e-05,0.00010213870343606786,0.00010428987718950073,0.00010641835553879438,0.00010850531313278414,0.00011056387392752825,0.00011257811069082565,0.00011455089123874743,0.00011647803362234122,0.00011835129430893897,0.00012017216938191224,0.00012193027926833893,0.000123622202939155,0.00012523721924925674,0.0001267683079215083,0.00012821476063837133,0.00012955197025164728,0.00013078955340249348,0.00013188016519176147,0.00013283347454096756,0.00013361568391861552,0.00013421002697088964,0.00013456982958102857,0.00013466982787948187,0.0001344530085610987,0.00013385027315435528,0.0001328029275978912,0.00013113100883688399,0.00012870603886038225,0.00012526249470639302,0.00012113670535850065,0.00011537202824775498,0.00010758188970197417,9.884354815975427e-05,9.046822030563386e-05,8.317908190211172e-05,7.667065443075893e-05,7.070415999359681e-05,6.517503163201076e-05,6.0196830363510344e-05,5.556786146598065e-05,5.1290613696238574e-05,4.7255325372599605e-05,4.352390871246457e-05,4.002515855628337e-05,3.6705093898610684e-05,3.3622398904477515e-05
42,9.280039492372849e-05,9.505812009363134e-05,9.72963834954908e-05,9.951156249825013e-05,0.00010170616654954817,0.00010387246931014555,0.00010601058233094388,0.00010811959680768163,0.00011019068453037925,0.00011222271845309409,0.00011421832126914332,0.00011616699249935809,0.00011806999884443748,0.00011991779455838679,0.00012170697534359379,0.00012343137503323143,0.00012509612938791853,0.00012666967333176913,0.00012816330919403218,0.0001295627868247104,0.00013085694306190054,0.0001320370633366574,0.00013307447851050456,0.00013395459861413066,0.00013466379287970615,0.0001351740227589871,0.0001354333760906696,0.0001354282213392393,0.00013508031509587546,0.00013431770699692054,0.00013307675090071575,0.0001311679155022194,0.0001284224207246575,0.0001246040619038159,0.00012045289230401097,0.0001135354525171089,0.00010554995071357011,9.713392478533831e-05,8.871588675195924e-05,8.166327374894725e-05,7.532393770958947e-05,6.940926038581917e-05,6.411904904584996e-05,5.923211085164762e-05,5.4705167751664866e-05,5.0487003797878725e-05,4.655428078306921e-05,4.289637486752738e-05,3.943308354768024e-05,3.6186669460583244e-05
43,9.232841872870388e-05,9.459056602520007e-05,9.684186545166957e-05,9.906438977937661e-05,0.00010126587377951731,0.00010344888179862285,0.00010559889302337353,0.00010772044279809388,0.00010980636081813803,0.00011186043861861004,0.00011387403316138193,0.00011584452433668003,0.00011777218866326968,0.00011964591832907026,0.00012146630537670284,0.00012322830373923447,0.00012491916067699767,0.0001265433518859169,0.00012808088229723913,0.00012953545497386055,0.0001308877084842744,0.00013213434335243145,0.00013325967637438686,0.00013423256715581978,0.00013505131785976514,0.00013568364631936686,0.00013609860948221928,0.0001362605881706458,0.00013613356866346878,0.0001356432528349936,0.00013475637031034492,0.000133271970699838,0.000131111039961825,0.00012803209672980105,0.00012377655966892788,0.00011922477568101125,0.0001120877309334846,0.0001035535091313145,9.461351963198817e-05,8.702996524598782e-05,8.019217427340915e-05,7.39653969892873e-05,6.8245507048093e-05,6.307777852815251e-05,5.8296141678470305e-05,5.3879803923677185e-05,4.9724480612049765e-05,4.5866850552537606e-05,4.22730958474579e-05,3.8852205308408166e-05
44,9.185043291375492e-05,9.412326598709585e-05,9.637448863468128e-05,9.860949150920546e-05,0.00010082169669834836,0.00010301086528242751,0.00010517545640298815,0.00010730917645113303,0.00010941571373680357,0.00011148248180494926,0.00011351684175763375,0.0001155089782345541,0.00011745525056464011,0.00011935738260569539,0.00012120573537273165,0.0001229971571783101,0.0001247271145495406,0.00012638972900293573,0.00012797450580952154,0.00012947612362132778,0.00013088682040686802,0.00013219842871557894,0.00013339120037859779,0.00013444578480164844,0.00013536544416900624,0.0001361046827839446,0.00013666100884502188,0.00013697994292064544,0.0001370408591789036,0.00013679114920679518,0.00013615303549062525,0.00013509171713736265,0.00013337799205467667,0.00013094005816895098,0.00012749739404635014,0.00012366087724924318,0.0001177484489078971,0.00011008474131804745,0.0001015667403391539,9.277029929524864e-05,8.536561492351355e-05,7.877836166363988e-05,7.272925109765711e-05,6.710961232624965e-05,6.204806115166846e-05,5.7380744536596664e-05,5.305281541898037e-05,4.896845016655947e-05,4.5198272639487345e-05,4.1662035971795375e-05
45,9.13690552793061e-05,9.364594949812498e-05,9.590433006404632e-05,9.815151428052373e-05,0.00010037052189981043,0.0001025708504998324,0.00010474870028957253,0.00010689226521030644,0.00010901153571182235,0.00011109618560644103,0.0001131465579423643,0.00011515782440766886,0.00011712702668486002,0.00011905193674825862,0.000120929500984074,0.00012274929840650509,0.00012451303147526232,0.00012621281941019378,0.0001278367472791905,0.00012938762071932345,0.00013084357194413065,0.00013221480102625885,0.00013347016998848377,0.0001346146662113092,0.0001356183710811599,0.0001364636088998393,0.00013712697144819535,0.00013759659612193236,0.00013781588709266555,0.00013777645969782862,0.000137388268890322,0.00013658927942795644,0.00013533171891727595,0.00013339253856479202,0.00013063600636229988,0.00012682555600848253,0.00012223724639152272,0.00011587434557665628,0.00010795947868480623,9.950916694506281e-05,9.095600500579099e-05,8.379591520660909e-05,7.737304766627722e-05,7.13727077852117e-05,6.600310366373558e-05,6.107527181410686e-05,5.648411481252043e-05,5.2216592545286874e-05,4.82391234111837e-05,4.453534296453562e-05
46,9.088076379115489e-05,9.316596218471489e-05,9.54362171278921e-05,9.768151445354869e-05,9.99144151984923e-05,0.00010212286508801692,0.00010430497145457928,0.0001064701039276655,0.00010859956280870953,0.00011069679959730764,0.00011276437845570164,0.00011479733455159988,0.00011678719217383836,0.00011873174448273769,0.00012063497596060715,0.00012248538532902385,0.00012427334799597792,0.00012601108160889877,0.00012767103991281423,0.00012926806716018004,0.00013077570151215579,0.0001321970375423682,0.00013351328891802425,0.0001347218820910715,0.00013581041204403435,0.00013675059358559026,0.00013752488752150278,0.00013811579645302987,0.00013849811786487593,0.00013861904784273114,0.00013845348738587216,0.00013792474409823064,0.0001370031424156597,0.00013548457135123852,0.00013330525982967583,0.00013022841035287177,0.00012600071576474345,0.00012154041367747498,0.00011438790279643853,0.00010597217685394824,9.689000952308501e-05,8.92103591592507e-05,8.226151334068848e-05,7.59798926567153e-05,7.016697545997486e-05,6.49333745128223e-05,6.009373450561233e-05,5.562284790683344e-05,5.142456791883091e-05,4.752477512347712e-05
47,9.038857949957555e-05,9.268073894659407e-05,9.495252737827645e-05,9.72111255525387e-05,9.944733235195059e-05,0.00010166939129928793,0.00010386366884106941,0.00010603484340791528,0.00010817966986265866,0.00011029441166982674,0.00011237476821032389,0.00011442665452496268,0.00011644113438272091,0.0001184034058891219,0.00012032539232171092,0.00012220197039176575,0.0001240235912372445,0.0001257878515178401,0.00012748898725044137,0.0001291222112090438,0.0001306807781754046,0.00013214317449215175,0.00013352757655732327,0.00013480206450697702,0.0001359508886767424,0.00013698223710628332,0.0001378542781491812,0.0001385539396102902,0.00013907550768054588,0.00013935489507915728,0.00013937420436243753,0.0001390826084972049,0.00013840016442740377,0.0001373126348283038,0.00013556856168359934,0.00013310693404825397,0.00012967938352001092,0.00012589742221637377,0.00012004596603940097,0.00011255132831301325,0.00010389286986741715,9.499060855920618e-05,8.75150428287174e-05,8.080899426177072e-05,7.456173681106585e-05,6.899055597284251e-05,6.387864508055982e-05,5.91442297627881e-05,5.476923313565139e-05,5.061312408147085e-05
48,8.989735616837616e-05,9.219098643517357e-05,9.447076873955188e-05,9.673606073284356e-05,9.89764277125118e-05,0.00010120608393941519,0.00010341097259428102,0.00010559622908267477,0.00010774748747327504,0.0001098761772928266,0.00011197673909763758,0.00011404120859457286,0.00011607178511502984,0.00011806211919864594,0.00012000453771149397,0.00012190400328304327,0.00012375088439833516,0.00012554989839862166,0.00012728152389948697,0.00012895096836558934,0.0001305486982474628,0.00013206626471578008,0.00013349302417157597,0.00013482882941914906,0.0001360521298299479,0.0001371605258483546,0.0001381174568625659,0.0001389290528906242,0.00013955595093081546,0.00013998638849793156,0.00014016787091620202,0.00014008200774412102,0.0001396533566379653,0.00013881830190430198,0.0001375263481585906,0.00013555872945210143,0.00013279149304101957,0.00012898673674287568,0.00012462934625047218,0.00011828839813174794,0.00011031669629559366,0.00010177019935296295,9.311773210859918e-05,8.586418582786135e-05,7.935419803977964e-05,7.327782903849276e-05,6.784326158176205e-05,6.285428054881604e-05,5.821596000134015e-05,5.392903166990774e-05
49,8.939998862837422e-05,9.169788066535387e-05,9.398346446004181e-05,9.624980913481306e-05,9.850285146026543e-05,0.0001007393639219379,0.00010295346139761062,0.0001051428366561279,0.00010731349151180308,0.00010945454694943579,0.00011157026839382263,0.00011364713820256561,0.00011569061396543146,0.00011770341691789335,0.00011966800088516556,0.00012159162840466947,0.00012346752202270744,0.00012528892369609282,0.0001270525918524267,0.00012876189575502137,0.0001303931817662403,0.0001319554368570046,0.00013343241289690038,0.00013481542614400156,0.00013610654683691198,0.0001372768597604287,0.00013833293006261922,0.00013923314557599006,0.00013996929093264694,0.0001405189348578937,0.0001408584612664276,0.000140939969437668,0.00014073505552893983,0.00014016253581904974,0.0001392052538763016,0.0001376620317214937,0.00013545067370913743,0.0001323603659462377,0.00012814815192794415,0.00012373803614052875,0.00011661050424870626,0.00010824380449295144,9.90846143023122e-05,9.131598446485385e-05,8.42773311154071e-05,7.79065574709369e-05,7.202854498512194e-05,6.673665122177311e-05,6.184143497965603e-05,5.730745865526791e-05
